hotel_name,city,area,rooms,category,phone,whatsapp,email,website,facebook_url,address,owner_name,manager_name,source,score,notes
Hotel Highgarden,Dhaka,Uttara,40,boutique,+8801977712379,,info@hotelhighgarden.com,https://www.hotelhighgarden.com,,House 40 Road 03 Sector 13 Uttara Dhaka 1230,,,own website,95,self-described business boutique near airport
Grace 21 Smart Hotel,Dhaka,Nikunja,40,business,+8801700707724,,reservation@hotelgrace21.com,https://www.hotelgrace21.com,https://www.facebook.com/Grace21SmartHotel/,House 1 and 3 Road 21 Nikunja 2 Dhaka 1229,,,own website,95,room mix published on site; ideal size
Hotel 71,Dhaka,Bijoynagar,56,boutique,+8801750076933,,,https://hotel71.com.bd,https://www.facebook.com/Hotel71Dhaka/,176 Shahid Syed Nazrul Islam Sharani Dhaka 1000,,,own website,92,independent 3-star; 9 room types
Hotel Grand Royal,Dhaka,Dhanmondi,,business,+8801958488160,,info@hotelgrandroyalbd.com,https://hotelgrandroyalbd.com,https://www.facebook.com/hotelgrandroyalbd/,Royal Plaza 4th and 5th floor House 8/A Road 4 Dhanmondi Dhaka 1205,,,own website,90,independent; active FB page
Hotel Nandini,Dhaka,Dhanmondi,,business,+8801810193510,,reservation@hotelnandini.com,https://hotelnandini.com,,105 Mirpur Road Sukrabad Dhanmondi Dhaka 1207,,,own website,88,independent mid-size
Nagar Valley Hotel,Dhaka,Uttara,,business,+8801710912276,+8801710912276,contact@nagarvalleyhotelbd.com,https://nagarvalleyhotelbd.com,,27 Shayesta Khan Avenue Sector 4 Uttara Dhaka 1230,,,own website,88,WhatsApp published on contact page
Shinepukur Suites,Dhaka,Gulshan,,boutique,+8801958606030,,sales@shinepukursuites.com,https://shinepukursuites.com,,House 8/C Road 143 Gulshan 1 Dhaka 1212,,,own website,88,markets itself as boutique
Hotel Victory,Dhaka,Naya Paltan,,business,+8801761646834,,info@hotelvictorybd.net,https://www.hotelvictorybd.net,https://www.facebook.com/hotelvictoryltd/,30/A VIP Road Naya Paltan Dhaka 1000,,,own website,88,8 room types; independent
Hotel Bengal Blueberry,Dhaka,Gulshan,,boutique,+8801622666608,,sales@bengalblueberry.com,https://www.bengalblueberry.com,,House 1/A Road 90 Gulshan 2 Dhaka 1212,,,own website,85,independent boutique
Marino Hotel Uttara,Dhaka,Uttara,,business,+8801990437919,,uttara@marinohotel.com.bd,https://marinohotel.com.bd,,House 45 Road 11 Sector 4 Uttara Dhaka 1230,,,own website,85,small local 3-property group
Marino Hotel Banani,Dhaka,Banani,,business,+8801670067810,,banani@marinohotel.com.bd,https://marinohotel.com.bd,,House 46 Road 18 Block J Banani Dhaka 1213,,,own website,85,same local group as Uttara branch
Royal Park Residence Hotel,Dhaka,Banani,66,boutique,+8801322910244,,hotelinfo@royalparkdhaka.com,https://royalparkdhaka.com,https://www.facebook.com/royalparkdhaka/,House 85 Road 25A Block A Banani Dhaka 1213,,,own website,85,Sri Lankan managed independent boutique
Hotel The Manha Ltd,Dhaka,Purana Paltan,,business,+8801711753001,,themanhamw@gmail.com,https://hotelthemanhaltd.com,https://www.facebook.com/p/Hotel-the-manha-ltd-61583012451123/,CMM Bhaban 35/A Purana Paltan Line VIP Road Dhaka 1000,,,own website,85,gmail contact suggests low system maturity
The Olives Residence and Suite,Dhaka,Gulshan,,boutique,+8801793529497,,,,,House 3 Road 126 Gulshan 1 Dhaka 1212,,,bd business directory,84,independent boutique residence
Grand Prince Hotel,Dhaka,Mirpur,,business,+8801718962156,,info@grandprince-dhaka.com,https://www.grandprince-dhaka.com,,Paradise Plaza Com Plot 6 and 11 Block B Mirpur 1 Dhaka 1216,,,own website,84,economy independent with own booking page
Marino Royal Hotel,Dhaka,Uttara,,business,+8801999150150,,reservation@marinoroyal.com,https://marinohotel.com.bd,,House 25 Road 03 Sector 03 Uttara Dhaka 1230,,,own website,83,sister property of Marino Hotel
Hotel Zakaria International,Dhaka,Mohakhali,,business,+8801753713864,,info@hotelzakaria.com,https://hotelzakaria.com,,House 35 Bir Uttam AK Khandakar Road Mohakhali C/A Dhaka 1212,,,own website,82,independent limited company
Hotel Dhanmondi Prime,Dhaka,Dhanmondi,,business,+8801775591666,,info@hoteldhanmondiprime.com,https://hoteldhanmondiprime.com,,House 18 Rupayan Khan Plaza Road 7 Dhanmondi Dhaka 1205,,,own website,82,AC and non-AC tiers; looks manual
Hotel De Crystal Crown,Dhaka,Gulshan,,business,+8801733000034,,,https://www.crystalcrownhotelbd.com,,House 5 Road 23/A Gulshan 1 Dhaka 1212,,,bd business directory,82,site SSL expired; likely low IT maturity
Ambala Inn,Dhaka,Dhanmondi,,business,+8801841103333,,,http://www.ambalainn.com,,Plot 39 Road 2 Dhanmondi R/A Dhaka 1205,,,bd business directory,82,independent small inn
Comfort Inn Dhaka,Dhaka,Uttara,,business,+8801911283113,,,,,House 50 Road 11 Sector 04 Uttara Dhaka 1230,,,bd business directory,82,mobile-only contact; likely paper run
Pearl Hotel,Dhaka,Banani,,business,+8801886224466,,,https://www.pearlhotelbd.com,https://www.facebook.com/pearlhotelbangladesh/,House 17 Road 28 Block K Banani C/A Dhaka 1213,,,own website,82,4 room categories
Hotel Razmoni Ishakha,Dhaka,Kakrail,70,business,+8801760004814,,razmoni.dhaka@gmail.com,https://www.hotelrazmoni.com,https://www.facebook.com/hotelrazmoniishakhabd/,89/3 VIP Road Kakrail Dhaka 1000,,,own website,82,gmail addresses published; 70 keys
Hotel Lake Castle,Dhaka,Gulshan,,business,+8801701265050,,info@hotellakecastle.com,https://hotellakecastle.com,,Plot 1A Road 68/A Gulshan 2 Dhaka 1212,,,own website,80,5 room categories
Hotel Pacific Downtown,Dhaka,Motijheel,,budget,+8801761115874,+8801723821775,downtown@hotelpacificbd.com,https://hotelpacificbd.com,,120/B Motijheel Commercial Area Dhaka 1000,,,own website,80,privately managed since 1995; WhatsApp published
Tropical Daisy,Dhaka,Gulshan,,boutique,+8801313086070,,,,,House 31/B Road 35/A Gulshan 2 Dhaka 1212,,,bd business directory,80,small boutique property
Hotel Givenci International,Dhaka,Farmgate,,business,+88029113947,,,https://www.hotelgivenciinternational.com,https://www.facebook.com/Givenci4321/,76/A Kazi Nazrul Islam Avenue Babul Tower Farmgate Dhaka 1215,,,bd business directory,80,active FB page
Hotel Blue Bird,Dhaka,Uttara,,business,,,,https://hotelbluebirdbd.com,https://www.facebook.com/hotelbluebirdbd/,House 06 Lake Drive Road Sector 07 Uttara Dhaka 1230,,,own website,78,phone not verified from published source
Nascent Gardenia Suites,Dhaka,Gulshan,,business,+8801780016464,,,https://suites.nascenthotels.com,,House 28 Road 83 Gulshan Circle 2 Dhaka 1212,,,bd business directory,78,part of small Nascent group
Hotel Sweet Dream,Dhaka,Banani,30,business,,,,https://hotelsweetdream.com,https://www.facebook.com/hsddhaka/,60 Kemal Ataturk Avenue Banani Dhaka 1213,,,own website,78,30 rooms stated on own site; no phone published
Rose Wood Residence,Dhaka,Gulshan,,apartment,+8801713435351,,,,,House 6/A Road 13 Gulshan 1 Dhaka 1212,,,bd business directory,76,serviced residence
Hotel Lake Breeze,Dhaka,Gulshan,,business,+88028828146,,,,https://www.facebook.com/p/Hotel-Lake-Breeze-100050556025199/,House 15 Road 42 Gulshan 2 Dhaka 1212,,,bd business directory,76,landline may be outdated
Hotel Quality Inn,Dhaka,Gulshan,,business,+88029881886,,,,,House 6 Road 50 Gulshan 2 Dhaka 1212,,,bd business directory,76,independent
Hotel Orchard Plaza,Dhaka,Naya Paltan,,business,+88029330829,,,https://www.hotelorchardplaza.com,,71 Nayapaltan VIP Road Paltan Dhaka 1000,,,bd business directory,76,dated static website
Hotel The Rahmania International,Dhaka,Motijheel,,budget,+8801868502968,,,,,28/1/C Toyenbee Circular Road Motijheel Dhaka 1000,,,bd business directory,76,mobile-only contact
Century Park Hotel,Dhaka,Gulshan,,business,+8801712189235,,,,,House 36 Road 117 Gulshan 1 Dhaka 1212,,,bd business directory,75,independent
Platinum Grand,Dhaka,Banani,,business,+8801922110993,,reservation@platinumhotels.com.bd,https://platinumhotels.com.bd,,House 52 Road 11 Block F Banani Dhaka 1213,,,own website,75,two-property Sheltech group
Platinum Residence,Dhaka,Uttara,,business,+8801966615592,,reservation1@platinumhotels.com.bd,https://platinumhotels.com.bd,,House 42 Road 20/C Sector 4 Uttara Dhaka 1230,,,own website,75,sister of Platinum Grand
Hotel Center Point,Dhaka,Gulshan,,business,+88029893227,,,,,House 2/A Road 95 Gulshan 2 Dhaka 1212,,,bd business directory,74,many landlines listed; no site found
Grand Oriental Hotel Dhaka,Dhaka,Gulshan,,business,+88029894930,,,,,Plot 1/B Road 23 Gulshan 1 Dhaka 1212,,,bd business directory,74,independent
Hotel Swiss Park,Dhaka,Banani,,business,+88029889212,,,,,House 62 Road 15 Block C Banani Dhaka 1213,,,bd business directory,74,independent
Grand Dhaka Hotel,Dhaka,Uttara,,business,+88028919720,,,,,House 8/A Road 7/D Section 9 Uttara Dhaka 1230,,,bd business directory,74,independent
Bengal Inn,Dhaka,Gulshan,,business,+88029880236,,,,,House 7 Road 16 Gulshan 1 Dhaka 1212,,,bd business directory,72,small independent inn
Hotel Farmgate,Dhaka,Farmgate,,budget,+8801712848394,,,,,82 West Tejturi Bazar Farmgate Dhaka 1215,,,bd business directory,72,budget city hotel
Hotel Skylink,Dhaka,Uttara,,business,,,,,https://www.facebook.com/hotelskylink/,Plot 33 Road 14 Sector 13 Uttara Dhaka 1230,,,dhakahotels directory,72,phone not verified
Rafflesia Serviced Apartments,Dhaka,Gulshan,,apartment,+8801708515246,+8801708515246,sales@rafflesiabd.com,https://www.rafflesiabd.com,,House 2 Road 22 and 23 Gulshan 1 Dhaka 1212,,,own website,72,serviced apartment operator
Rigs Inn,Dhaka,Gulshan,,business,+88029845055,,,,,House 09 Road 23/A Gulshan 1 Dhaka 1212,,,bd business directory,70,older independent property
Hotel Washington,Dhaka,Gulshan,,business,+88029851467,,,,,56 Gulshan Avenue Road 132 Gulshan 1 Dhaka 1212,,,bd business directory,70,independent
Eastern House,Dhaka,Gulshan,,apartment,+88029887370,,,,,House 04 Road 24 Gulshan 1 Dhaka 1212,,,bd business directory,70,serviced residence
Hotel Purbani International,Dhaka,Motijheel,,business,,,,,https://www.facebook.com/hotel.purbani.ltd/,1 Dilkusha Motijheel Dhaka 1000,,,dhakahotels directory,70,long-established CBD hotel; phone unverified
Hotel The Capital,Dhaka,Naya Paltan,120,business,+8801721595568,,,http://hotelthecapitaldhaka.com,,69 Naya Paltan VIP Road Dhaka 1000,,,own website,70,120 plus rooms so larger than ideal
Holiday Villa GRAM,Dhaka,Gulshan,,apartment,+88029899258,,,,,House SW E 1A/2 Road 7 Gulshan Model Town Dhaka 1212,,,bd business directory,68,serviced apartment
Contemporary Heights,Dhaka,Baridhara,,apartment,+88029861872,,,,,Plot 21 Road 1/A Block J Baridhara Dhaka 1212,,,bd business directory,68,serviced apartment
Babylon Garden Furnished Apartments,Dhaka,Baridhara,,apartment,+88028411122,,,,,House 319 Eastern Road Lane 4 Baridhara DOHS Dhaka 1206,,,bd business directory,66,furnished apartments
NAAS Service Apartment,Dhaka,Dhanmondi,,apartment,+88029140551,,,,,Paril Green 2nd Floor 165-166 Green Road Dhaka 1205,,,bd business directory,66,serviced apartment
Long Beach Suites Dhaka,Dhaka,Gulshan,101,business,+8801730338900,,,https://www.longbeachsuitesbd.com,https://www.facebook.com/longbeachsuites/,House CEN 4 G Road 104 Gulshan 2 Dhaka 1212,,,bd business directory,60,101 keys; larger than target band
Six Seasons Hotel,Dhaka,Gulshan,,business,+8801955393291,,info@sixseasonshotel.com,https://sixseasonshotel.com,,House 19 Road 96 Gulshan 2 Dhaka 1212,,,own website,60,upscale independent; likely already has a PMS
Hotel Sarina,Dhaka,Banani,180,business,+8801730020313,,,https://www.sarinahotel.com,https://www.facebook.com/HotelSarinaDhaka/,Plot 27 Road 17 Banani C/A Dhaka 1213,,,own website,40,180 keys; too large for target profile
Grace Cox Smart Hotel,Coxs Bazar,Kolatoli,70,business,+8801700707788,,reservation@hotelgracecox.com,https://hotelgracecox.com,https://www.facebook.com/Hotelgracecox-207126296760937/,Plot 22 Block C Kolatoli Sea Beach Road,,,own website,95,70 rooms across 5 types; ideal size
Windy Terrace Boutique Hotel,Coxs Bazar,Kolatoli,,boutique,+8801752360675,,info@windyterrace.com,https://www.windyterrace.com,https://www.facebook.com/WindyTerraceCoxs/,Plot 39-40 Block C Kolatoli,,,own website,93,self-described boutique; four published booking lines
Hotel Beach Way,Coxs Bazar,Kolatoli,58,business,+8801777909595,,infohotelbeachway@gmail.com,https://hotelbeachway.com,https://www.facebook.com/HotelBeachWay,House 21 Block C Kolatoli Road,,,own website,92,58 guestrooms; gmail address suggests paper-run ops
Praasad Paradise Hotel and Resorts Ltd,Coxs Bazar,Hotel Motel Zone,84,resort,+8801556347711,+8801556347711,info@praasadparadise.com.bd,https://praasadparadise.com.bd,,Plot 9 New Beach Road Hotel-Motel Zone,,,own website,90,44 hotel rooms plus 40 cottage rooms
Hotel Sea Uttara,Coxs Bazar,Kolatoli,,business,+8801875000020,,info@seauttara.com,https://www.seauttara.com,https://www.facebook.com/hotelseauttara/,Dolphin Circle Beach Road Kolatoli,,,own website,90,8 room types listed; two emails published
Neeshorgo Hotel and Resort Ltd,Coxs Bazar,Marine Drive,,resort,+8801780077056,+8801617834401,neeshorgocox@gmail.com,https://neeshorgo.com.bd,,Plot 492 Marine Drive Road,,,own website,88,publishes a dedicated WhatsApp line
Sea Crown Hotel,Coxs Bazar,Marine Drive,,business,+8801817089420,,reservation@hotelseacrownbd.com,https://hotelseacrownbd.com,https://www.facebook.com/hotelseacrown/,Marine Drive Kolatoli New Beach,,,own website,88,three-star; Dhaka and Mymensingh sales offices
Divine Eco Resort,Coxs Bazar,Kolatoli,,resort,+8801958054411,+8801958054412,stay@divineecoresort.net,https://divineecoresort.net,https://www.facebook.com/DivineEcoResortOfficial,Kolatoli Beach near Kolatoli Circle,,,own website,88,villa and suite mix; manual availability counts on site
Hotel Sea Cox,Coxs Bazar,Kolatoli,,business,+8801616200500,,,https://hotelseacox.com,https://www.facebook.com/seacoxbd,Plot 13 Block B New Beach Rd near Kolatoli More,,,own website,86,9 room types; no email published
Laguna Beach Hotel and Resort,Coxs Bazar,Sugandha,,resort,+8801889334434,,,https://www.lagunabeachhotelandresort.com,,Plot 39 Block B Sugandha Point Kolatoli,,,own website,86,own booking site live
Muscat Holiday Resort,Coxs Bazar,Kolatoli,,resort,+8801731009229,,,https://www.muscatholidayresort.com,,Block A Plot 58 Kolatoli Road,,,own website,86,three-star independent
Hotel Coral Reef,Coxs Bazar,Sugandha,,business,+8801818080651,+8801551000012,,https://hotelcoralreef.com.bd,,Plot 47 Block B Kalatoli Road Sugandha Point,,,own website,86,site TLS cert misconfigured; likely weak IT
Hill Tower Hotel and Resort,Coxs Bazar,Kolatoli,,business,+8801322889895,,info@hotelhilltower.com,https://www.hotelhilltower.com,,Block B Plot 60 Kalatoli opposite Sea Palace,,,own website,85,10 floors with conference room
Hotel Elaf International,Coxs Bazar,Sugandha,,business,+8801726000077,,,https://www.hotelelafinternational.com,,Plot 52 Block B Sugandha Road,,,own website,85,three-star independent
Nitol Bay Resort,Coxs Bazar,Kolatoli,37,resort,,+8801844662069,,,,Plot 13-14-17 Block C Kolatoli Beach Road,,,coxsbazar.net listing,85,37 rooms confirmed; no own website
Hotel Ocean Palace,Coxs Bazar,Kolatoli,,business,+8801841122446,,,https://www.hoteloceanpalace.com,,Plot 15/A Block C Kolatoli Beach Road,,,own website,84,two phone lines published; no email
Hotel White Beach,Coxs Bazar,Kolatoli,,business,+8801832060933,,,https://www.hotelwhitebeachcox.com,,Block A Plot 17 Main Road Kalatali,,,own website,84,shares site with Impulse Ocean View brand
Hotel Sea Alif,Coxs Bazar,Kolatoli,,business,+8801988330000,,,https://www.hotelseaalifcoxsbazar.com,,Kolatoli Coxs Bazar,,,own website,84,three-star budget-to-mid positioning
Castle Bay Touch,Coxs Bazar,Sugandha,,business,+8801713488825,+8801713488860,,https://castlebaytouch.com,,Plot 63 Block B PWD Housing Kolatoli Sugandha Point,,,own website,82,hall room plus two suite types
Nilima Beach Resort,Coxs Bazar,Sugandha,,resort,+8801831878833,+8801831878833,,,,Sea In Point Sugandha Beach,,,directory listing,82,same number published as WhatsApp booking
World Beach Resort,Coxs Bazar,Marine Drive,,resort,,+8801741995584,,https://www.worldbeachresortcoxsbazar.com,,Marine Drive Road Coxs Bazar,,,own website,82,WhatsApp-first booking
Hotel Mishuk,Coxs Bazar,Laboni,,business,+8801721161258,+8801715946471,,https://www.hotelmishuk.com,,Laboni Point Sea Beach Road,,,own website,82,long-standing Laboni property
Shopno Bilash Holiday Suites,Coxs Bazar,Kolatoli,,apartment,+8801793100000,,,https://shopnobilash.com,,Block A Plot A Kolatoli R/A,,,own website,80,suite-style apartments; no email published
Hotel Kollol by J and Z Group,Coxs Bazar,Laboni,100,resort,+8801886777711,+8801886777711,reservation@hotelkollolbd.com,https://hotelkollolbd.com,https://www.facebook.com/hotelkollolbyjandz,Laboni Point Coxs Bazar 4700,,,own website,80,100 plus rooms; upper edge of target size
Sea Welcome Resort,Coxs Bazar,Kolatoli,,resort,+8801823448448,,,,,Plot 22 Kolatoli Road Block A,,,directory listing,80,single published booking line
Hotel Vista Bay,Coxs Bazar,Sugandha,,business,+8801678090990,,,,,Plot 50 Road 2 Block B Sugandha Point,,,directory listing,80,hunting range of extension numbers 90-99
Rain View Resort,Coxs Bazar,Kolatoli,,resort,+8801682100399,+8801682100399,,,,Sea Beach Road Dolphin More Kolatoli,,,directory listing,80,same line used for WhatsApp
Royal Beach Resort,Coxs Bazar,Kolatoli,,resort,+8801708777772,,,,,Plot B 64 PWD Hotel Zone Kolatoli,,,directory listing,80,block of 4 sequential lines
Hotel Regal Palace,Coxs Bazar,Sugandha,,business,+8801872366366,,,,,Plot 48 Block B Sugandha Point Kolatoli,,,directory listing,80,independent Sugandha property
Prime Park Hotel,Coxs Bazar,Hotel Motel Zone,,business,+8801775609915,,,,,Plot 58 Block C Hotel Motel Zone Kalatoli,,,directory listing,80,also lists a landline
Bashati Bay Resort,Coxs Bazar,Kolatoli,,resort,+8801321143588,,,,,Plot 3 Block C Saikat R/A Kolatali Road,,,directory listing,80,independent mid-size
Hotel Coxs Hilton,Coxs Bazar,Sugandha,,business,+8801322889898,,,,,Block B Plot 25 Sugandha Point Kalatoli Road,,,directory listing,80,no relation to Hilton chain
Hotel Golden Hill,Coxs Bazar,Sugandha,,business,+8801313708031,+8801818195412,,,,House 65 Block B Sugandha Point Kolatoli,,,directory listing,80,separate WhatsApp booking line
Hotel Pink Shore,Coxs Bazar,Sugandha,,business,+8801819900049,,,,,House 26 Block B Sugandha Point Kolatoli,,,directory listing,80,listed among most-booked 3-star
Hotel Marine Plaza,Coxs Bazar,Sugandha,,business,+8801810004580,,,,https://www.facebook.com/MarinePlazaCox/,Kalatali Main Road Sugandha Point,,,directory listing,80,active Facebook page
Inani Royal Resort Ltd,Coxs Bazar,Inani,,resort,+8801952227741,+8801332525664,,,https://www.facebook.com/InaniRoyalResortBD/,Marine Drive Road Inani Ukhia,,,directory listing,80,Inani beachfront independent
Impulse Ocean View,Coxs Bazar,Kolatoli,,business,+8801312737011,,,https://www.hotelwhitebeachcox.com,,Plot 69 Block A PWD Kolatoli,,,directory listing,80,shares web presence with Hotel White Beach
Hotel Sea Hill,Coxs Bazar,Kolatoli,,business,+8801820202019,,,,,Block C Plot 1 Sea Beach R/A Kolatoli Main Road,,,directory listing,78,independent mid-size
Hotel Sea Princess,Coxs Bazar,Hotel Motel Zone,,business,+8801819211565,,,,https://www.facebook.com/ContinentSeaPrincess/,Road 1 Hotel-Motel Zone,,,directory listing,78,books mainly via Facebook
Hotel Esplanade,Coxs Bazar,Sugandha,,business,+8801601364873,,,,,Sugandha Point Main Road Block A Plot 17,,,directory listing,78,listed in 3-star set
Sea Breeze Resort,Coxs Bazar,Kolatoli,,resort,+8801799872473,,,,https://www.facebook.com/SeaBreezeResortCox/,Block B Plot 18 Kolatoli,,,directory listing,78,Facebook-led marketing
Resort Beach View,Coxs Bazar,Kolatoli,,resort,+8801813066196,+8801709956522,,,,Plot 10 Block C Kolatoli Main Road,,,directory listing,78,distinct WhatsApp booking line
UNI Resort Coxs Bazar,Coxs Bazar,Kolatoli,,resort,+8801713160176,+8801713160167,,,,Kolatoli Main Road,,,directory listing,78,two adjacent numbers published
Sun Oasis Resort,Coxs Bazar,Marine Drive,,resort,,+8801721222173,,,https://www.facebook.com/p/Sun-Oasis-Resort-61566524910327/,Marine Drive Road Kolatoli,,,facebook page,78,newer property; WhatsApp-only booking
La Bella Resort,Coxs Bazar,Inani,,resort,+8801842488875,+8801842488875,,,,Inani Beach Marine Drive,,,directory listing,78,Inani independent resort
Hotel Suite Sadaf,Coxs Bazar,Marine Drive,,boutique,+8801844010221,,,,,Marine Drive Road Kolatoli,,,directory listing,76,suite-format property
Exotica Sampan Hotel and Resort,Coxs Bazar,Marine Drive,,resort,+8801876000011,,,,,Marine Drive Road Kolatoli,,,directory listing,76,independent Marine Drive resort
Allegro Suites,Coxs Bazar,Kolatoli,,apartment,,+8801618000700,,,,Plot 65 Block A Kalatali Road,,,area guide,76,serviced suites format
Cox West Inn,Coxs Bazar,Kolatoli,,business,,+8801678090970,,,,Plot 12 Block A Kalatali Road,,,area guide,76,WhatsApp booking published
Hotel Reyadha International,Coxs Bazar,Sugandha,,business,,+8801711796576,,,,Plot 37 Block B Sugandha Point Kolatoli Road,,,area guide,76,direct-to-management booking
Hotel Tide Water,Coxs Bazar,Kolatoli,,business,,+8801727298800,,,,Plot 26 Block A Kolatoli Road Motel Zone,,,area guide,76,appears in 3-star most-booked list
Sailor Beach Resort,Coxs Bazar,Marine Drive,,resort,,+8801990959493,,,,Marine Drive Road Coxs Bazar,,,area guide,75,couples-oriented positioning
Hotel Sea Queen,Coxs Bazar,Laboni,,business,+8801819321888,+8801761196515,,,,Main Road Jhawtala near Sugandha Point,,,directory listing,74,town-side location
Modern Resort Coxs Bazar,Coxs Bazar,Marine Drive,,resort,+8801300511222,,,,,Marine Drive Road Kolatoli,,,directory listing,74,single published line
Coxs Bazar Surf Club Resort and Cafe,Coxs Bazar,Sugandha,,boutique,,+8801777786232,,,,Sugandha Point Kolatoli Road,,,area guide,74,small surf-themed boutique with cafe
Hotel S.A International,Coxs Bazar,Kolatoli,,business,,+8801841588244,,,,Block C Plot 46 Motel Zone Kalatali,,,area guide,74,WhatsApp-only booking
Lighthouse Family Retreat,Coxs Bazar,Kolatoli,,guesthouse,+8801321177763,,,,,House 84 Block A PWD R/A Light House Road Kalatali,,,directory listing,72,family-retreat format
Hotel Sea Palace Ltd,Coxs Bazar,Kolatoli,,business,+8801709934732,,,https://hotelseapalaceltd.com,https://www.facebook.com/hsplbd/,Kalatoli Road Coxs Bazar,,,own website,65,larger 4-star; may already run a PMS
La Vista Hotel,Sylhet,Lamabazar,35,boutique,+8801933009977,,lavistasylhet@gmail.com,https://lavistahotelbd.com,,VIP Road Lamabazar Sylhet 3100,,,own website,93,self-styled boutique hotel with 7 room types
Novem Eco Resort,Srimangal,Radhanagar,25,resort,+8801709882001,,sales@novemecoresort.com,https://novemecoresort.com,https://www.facebook.com/novemecoresort,Bishmani Radhanagar Sreemangal Moulvibazar,,,own website + directory,91,independent eco resort in tea belt
Hotel Holy Gate,Sylhet,Dargah Gate,52,business,+8801972552233,,,https://www.hotelholygate.com,,Holy Complex East Dargah Gate Sylhet 3100,,,own website,89,operating since 2012; 6 room categories
Lemon Garden Resort and Spa,Srimangal,Lawachara Road,,resort,+8801779626330,,lemongardenresort@gmail.com,https://lemongardenresort.com,https://www.facebook.com/lemongardenresortandspa,Lawachara Road Sreemangal Moulvibazar,,,directory + own site,87,gmail booking address suggests manual ops
Rangauti Resort,Srimangal,Taltala Kulaura Road,,resort,+8801780203350,,onlinebooking@rangautiresort.com,https://rangautiresort.com,https://www.facebook.com/RangautiResort,Taltala Bazar Kulaura Road Sreemangal,,,own website + directory,86,lakeside independent resort
Shuktara Nature Retreat,Sylhet,Khadimnagar,21,resort,+8801764543535,,,https://shuktararetreat.com,https://www.facebook.com/ShuktaraNatureRetreat,Uddin Hills Shahporan Uposhohor Khadimnagar Sylhet,,,own website + tripadvisor,85,eco retreat; four hotline numbers listed
Tea Heaven Resort,Srimangal,Uttarsur Habiganj Road,,resort,+8801708033544,,teaheavenresort@gmail.com,https://teaheavenresortbd.com,https://www.facebook.com/teaheavenresort,Uttarsur Habiganj Road Sreemangal,,,directory,85,budget eco resort with pool
Balishira Resort,Srimangal,Radhanagar,,resort,+8801766557760,,balishiraresort@gmail.com,https://balishiraresort.com,https://www.facebook.com/BalishiraResort,Radhanagar Sreemangal Moulvibazar,,,own website,84,five villa/cottage types; gmail reservations
Richmond Hotel and Apartments,Sylhet,Zindabazar,35,apartment,+8801721509598,,,,,10th Floor Al Hamra Shopping City Hazrat Shahjalal Road Zindabazar,,,tripadvisor + directory,84,serviced apartments built 2006
Grand Selim Resort and Tour,Srimangal,Ramnagar,,resort,+8801678173185,,reservation@grandselimresort.com,https://grandselimresort.com,https://www.facebook.com/grandselimresort.gsrt,Ramnagar Manipuri Para Sreemangal,,,directory,83,independent family-run resort
Hotel Mira Garden,Sylhet,Mirabazar,51,business,+8801938112244,,,,,Mira Tower Tamabil Road Mirabazar Sylhet,,,tripadvisor + directory,82,51 rooms with sauna and restaurant
Nirvana Inn,Sylhet,Mirzajangal,,business,+8801711336761,,,https://www.nirvanainn.com,https://www.facebook.com/HotelNirvanaInn,Mirzajangal Sylhet 3100,,,own website,82,long-running independent city hotel
Tea Villa Luxury Resort,Srimangal,Bhairabganj,,resort,+8801712993633,,info@teavillaresort.com,https://teavillaresort.com,https://www.facebook.com/TeaVillaResortBD,Mazdihi Bhairabganj Bazar Sreemangal,,,directory,82,independent luxury tea-country resort
Britannia Hotel,Sylhet,Ambarkhana,69,business,+8801784646565,,,https://www.britanniahotelsylhet.com,https://www.facebook.com/britanniahotelsylhet,B-95 Waves Shahjalal Road Ambarkhana Sylhet 3100,,,tripadvisor + directory,81,69 rooms; upper end of target size
Hotel Fortune Garden,Sylhet,Naiorpul,,business,+8801705444111,,,https://hotelfortunegardenbd.com,,29/A Bongobir Road Naiorpul Sylhet 3100,,,own website,81,dated rooms per reviews; likely manual ops
Shanti Bari Eco Resort,Srimangal,Radhanagar,,resort,+8801716189288,,contact@shantibari.com,https://shantibari.com,https://www.facebook.com/shantibari,Radhanagar Sreemangal Moulvibazar,,,directory,80,well-known independent eco resort
Royal Mark Hotel,Sylhet,Mirboxtula,,business,+8801319700900,,info@hotelroyalmark.com,https://www.hotelroyalmark.com,https://www.facebook.com/royalmarkhotelsylhet,102 Azadi Mirboxtula Sylhet,,,own website,80,14 storeys; 6 room types; banquet hall
Hiltown Hotel,Sylhet,Taltola,20,business,+8801758366051,,,https://hiltownhotel.com,,VIP Road Telihaor Taltola Sylhet 3100,,,own website + tripadvisor,80,small 20-room independent; founded 1980
Swiss Valley Resort,Moulvibazar,Shamsher Nagar,,resort,+8801786493700,,swissvalley1@yahoo.com,https://swissvalleysn.com,https://www.facebook.com/swissvalleyresort,Shamsher Nagar near Air Base Moulvibazar,,,directory,80,yahoo address signals paper-run back office
Hotel Valley Garden,Sylhet,Sobhanighat,,business,+8801938844501,,,https://hotelvalleygarden.com,https://www.facebook.com/HotelValleyGardenSyl,Sylhet Tower Sobhanighat Bishwa Road Sylhet 3100,,,directory + own site,79,multiple landline and mobile lines published
Litchibari Eco Resort,Srimangal,Radhanagar,,resort,+8801322030429,,info@litchibariecoresort.com,https://litchibariecoresort.com,https://www.facebook.com/litchibariecoresort,Jerin Road Radhanagar Sreemangal,,,directory,78,independent cottage-style eco resort
Oronner Din Ratri Resort,Srimangal,Radhanagar,,resort,+8801708132522,,info@oronnerdinratri.com,https://oronnerdinratri.com,https://www.facebook.com/Oronner.Din.Ratri.2018,Radhanagar Bhanugarh Road Sreemangal,,,directory,78,single hotline number only
Paragon Hotel and Resort,Srimangal,Radhanagar,,resort,+8801325099966,,info@paragonresortbd.com,https://www.paragonresortbd.com,https://www.facebook.com/paragonresortbd,Radhanagar Sreemangal Moulvibazar,,,own website,77,five room categories; upmarket pricing
Hotel Holy City,Sylhet,Dargah Gate,,business,+8801644167163,,info@hotelholycitysylhet.com,https://hotelholycitysylhet.com,,Rasheed Emporium 2nd Floor East Dargah Gate Sylhet 3100,,,own website,77,only three room types published
Hotel Skypark,Srimangal,Chaumuhana,,business,+8801711966903,,hotelskypark.srg@gmail.com,https://skyparkbd.com,,Yaqub Shopping Center Chowmohona Sreemangal,,,own website,76,town-centre business hotel
Hotel Grand View,Sylhet,Zindabazar,,business,+8801404033002,,,,https://www.facebook.com/HotelGrandView,Symphony Heights Baruthkhana Point East Zindabazar,,,directory + facebook,76,operates two properties Grand View 1 and 2
Nishorgo Eco Resort,Srimangal,Radhanagar,,resort,,,info@nishorgocottage.com,https://nishorgocottage.com,https://www.facebook.com/Nishorgocottage,Radhanagar Sreemangal Moulvibazar,,,directory,75,phone left blank as listing duplicated another resort
All Season Lodge,Sylhet,Kashdobir,,guesthouse,+8801763946565,,,,https://www.facebook.com/AllSeasonLodgeBD,40 Torango Airport Road Kashdobir Point Sylhet,,,directory + facebook,75,airport-road lodge; active facebook page
Panshi Inn,Sylhet,North Jail Road,,business,+8801710809337,,,,,W Tower North Jail Road Sylhet,,,directory,74,attached to well-known Panshi restaurant brand
Hotel Rajmahal,Sylhet,Zindabazar,,business,+8801716968847,,,,,Jallarpar Road Zindabazar Sylhet,,,directory,74,central Zindabazar location
Mukta Nagar Resort,Moulvibazar,Sherpur,,resort,+8801776436421,,muktanagarresort@gmail.com,,,Sherpur Pitura Dhaka-Moulvibazar Highway,,,directory,74,highway-side independent resort
Patrasnan Eco Resort,Srimangal,Mohajerabad,,resort,+8801784675166,,patrasnanaecoresortbd@gmail.com,,https://www.facebook.com/patrasnanaecoresort,Mohazirabod Sreemangal Moulvibazar,,,directory,73,facebook-first operation; three contact numbers
La Rose Hotel,Sylhet,Dargah Gate,,business,+8801966616661,,,,,16 Ornob West Dorga Gate Mirer Moidan Point Sylhet 3100,,,directory,73,pilgrim-traffic hotel near shrine
Hotel Crown Park,Sylhet,Kumarpara,43,business,,,,https://hotelcrownparkltd.com,https://www.facebook.com/hotelcrownparkltd,52a Kumarpara Road Sylhet City 3100,,,tripadvisor + own site,72,43 rooms with rooftop pool; phone unverified
Nazimgarh Garden Resort,Sylhet,Khadimnagar,,resort,+8801747200100,,,https://www.nazimgarh.com,https://www.facebook.com/sylhetresorts,Khadimnagar Sylhet 3100,,,own website,72,group runs three properties; may already use a PMS
Hotel Supreme,Sylhet,Mirabazar,,business,+8801711197012,,,,,East Tamabil Road Mirabazar Sylhet 3100,,,directory,72,long list of sequential mobile lines
Tilagaon Eco Village,Moulvibazar,Kamalganj,,resort,+8801896178151,,tilagaonecovillage@gmail.com,,,Tilagaon Kamalganj Moulvibazar,,,directory,71,near Lawachara forest; gmail-only contact
Excelsior Sylhet Hotel and Resort,Sylhet,Khadimnagar,,resort,+8801711436856,,,,,Ex Zakariya City Doloipara Khadimnagar Sylhet 3100,,,directory,70,suburban resort-style property
Nirjon Natures Hideout,Srimangal,Radhanagar,,resort,+8801727135520,,nirjonnature@gmail.com,,,Bishmani Radhanagar Sreemangal,,,directory,70,small owner-run hideout
Hotel Golden City,Sylhet,Zindabazar,,business,+8801714674738,,,,https://www.facebook.com/golgencitysyl,Jail Road East Zindabazar Sylhet,,,directory + facebook,70,facebook page is main online presence
Hotel Metro International,Sylhet,Bandar Bazar,,business,+8801731533733,,,,https://www.facebook.com/hotelmetrointernational,Dhupadighirpar South East Bandar Bazar Sylhet 3100,,,directory,69,older established city hotel
Hotel Western Plaza,Moulvibazar,Central Road,,business,+8801712150650,,,,,Central Road Moulvibazar Sadar,,,directory,68,main town-centre hotel
Grand Palace Sylhet,Sylhet,Zindabazar,,business,+8801713558866,,,https://grandpalacebd.com,https://www.facebook.com/GrandPalaceSylhet,Jallarpar Road Zindabazar Sylhet,,,directory + facebook,68,small local group with second property
Taj Metro Hotel,Moulvibazar,Saiful Rahman Road,,business,+8801326405234,,,,,M Saiful Rahman Road Moulvibazar,,,directory,68,newer town hotel
Hillside Holiday Homes,Sylhet,Barshala,,guesthouse,+8801922099991,,,,,67 Airport Road Barshala Sylhet 3100,,,directory,67,airport-road serviced homes
Bottom Hill Palace Hotel,Sylhet,Dargah Gate,,business,+8801700763512,,,,,Waves 1/E Dargah Gate Sylhet 3100,,,directory,66,small independent near shrine
Hotel Star Pacific,Sylhet,Dargah Gate,,business,+8801777799466,,,https://www.hotelstarpacific.com,,982 East Dargah Gate Sylhet,,,directory + own site,65,larger and more polished; may already be systemised
Haor Bilash Guest House,Sunamganj,Hajirpara,,guesthouse,+8801716388439,,,http://www.haorbilash.com,,Basundhara A/A Hajirpara Sunamganj,,,directory,64,best-rated property in Sunamganj town
Hotel Royal Inn,Sunamganj,Old Bus Station,,budget,+8801792873355,,,,,Old Bus Station Sunamganj Sadar,,,directory,58,haor tourism gateway; likely fully manual
Hotel Mizan Residential,Sunamganj,Jagannathbari Road,,budget,+8801765308848,,,,,Jagannathbari Road Sunamganj Sadar,,,directory,55,small residential hotel
Well Park Residence Boutique Hotel and Suites,Chittagong,GEC Circle,,boutique,+8801841735555,,reservation@wellparkbd.com,https://www.wellparkbd.com,https://www.facebook.com/wellparkbd,Road 01 Plot 02 O.R. Nizam Road Chittagong,,,own website,88,independent boutique; own site with spa and restaurant
Orchid Business Hotel,Chittagong,Agrabad,45,business,+8801321234601,,reservation@orchidbusinesshotel.com,https://www.orchidbusinesshotel.com,https://www.facebook.com/p/Orchid-Business-Hotel-100070590874451,1739 Sheikh Mujib Road Agrabad Chattogram,,,own website,92,45 rooms independent business hotel; ideal size band
Hotel White Park Boutique Hotel,Chittagong,Dampara,,boutique,+8801810004590,,whitepark.ctg@gmail.com,https://hotelwhitepark.com,,M.M Ali Road Dampara Chittagong,,,own website,90,gmail address on own site signals paper-run ops
Ambassador Residency,Chittagong,O.R. Nizam Road,,business,+8801751377222,,info@ambassadorresidency.com,https://www.ambassadorresidency.com,https://www.facebook.com/Ambassadorresidencychittagong,House 23 Road 2 O.R. Nizam Road Chattogram 4100,,,own website,86,independent; second gmail contact also published
Aristos Boutique Hotel,Chittagong,Zakir Hossain Road,,boutique,+8801820524413,,,https://www.aristosboutiquehotel.com,,House 3 Road 3 Zakir Hossain Road Chittagong,,,google maps,84,small independent boutique on Zakir Hossain Road
Hotel Agrabad,Chittagong,Agrabad,,business,+8801766665163,,info@agrabadhotel.com,https://agrabadhotel.com,https://www.facebook.com/HotelAgrabadChattogram,Sabder Ali Road Agrabad C/A Chattogram,,,own website,72,legacy independent property; has Dhaka sales office
Hotel Saint Martin Limited,Chittagong,Agrabad,,business,+8801766111666,,,http://www.hotelsaintmartin.com.bd,https://www.facebook.com/hotelsaintmartinltd,25-33 Sheikh Mujib Road Agrabad C/A Chittagong 4100,,,own website,82,independent 3-star business hotel
The Avenue Hotel and Suites,Chittagong,Lalkhan Bazar,,business,+8801859637477,,,,,Ispahani Moor Lalkhan Bazar Chittagong 4150,,,google maps,80,independent business hotel near Ispahani Moor
Hotel Lords Inn,Chittagong,East Nasirabad,,business,+880312552671,,,,,Hosna Kalam Complex CDA Avenue East Nasirabad Chittagong,,,hotel directory,74,landline only verified; opposite Sunmar Ocean City
Royal Park Residential Hotel,Chittagong,GEC Circle,,business,+8801817712355,,,,,1702 CDA Avenue GEC Circle Nasirabad Chittagong,,,google maps,78,GEC circle location; residential hotel format
Hotel Al-Faisal International Ltd,Chittagong,Nur Ahmed Road,,business,+8801678060003,,,,,1050 Nur Ahmed Road Jubilee Road Chittagong 4000,,,google maps,76,long-established independent
Jatra Flagship Chattogram City Centre,Chittagong,GEC Circle,,business,+8801309552872,,,,,GEC More Muhammad Ali Road Chittagong,,,hotel directory,66,franchise-managed under Jatra brand
Asian SR Hotel,Chittagong,Station Road,,budget,+8801711889555,,,,,291 Station Road Chittagong 4000,,,google maps,64,busy station road budget property
Hotel Tower Inn International Ltd,Chittagong,Jubilee Road,,budget,+8801733393211,,,,,183 Jubilee Road Chittagong 4000,,,google maps,62,independent mid-budget
Golden Inn Chattagram Ltd,Chittagong,Station Road,,budget,+8801711819025,,,,https://www.facebook.com/goldeninnltd,336 Station Road Chittagong 4100,,,google maps,62,active facebook page; no own website found
Naba Inn Guest House,Chittagong,O.R. Nizam Road,,guesthouse,+8801795779900,,,,,Road 5 House 60 O.R. Nizam Road R/A Chittagong 4000,,,google maps,58,small guesthouse in residential area
Meridian Hotel and Restaurant,Chittagong,CDA Avenue,,budget,+8801709662929,,,,,1367 CDA Avenue Chittagong,,,google maps,58,hotel plus restaurant operation
Sea World Foys Lake Resort,Chittagong,Foys Lake,,resort,+8801819486001,,,,,Foys Lake Zakir Hossain Road Chittagong 4201,,,google maps,66,leisure resort inside city limits
Sairu Hill Resort,Bandarban,Chimbuk Road,,resort,+8801847417301,,,https://sairuresort.com,https://www.facebook.com/sairuresort,Baro Mile Chimbuk Road Y Junction Shualock Bandarban 4600,,,own website,88,premium independent hill resort; six room categories
Nilgiri Hill Resort,Bandarban,Nilgiri,8,resort,+8801769299999,,,https://nilgiriresortbd.com,https://www.facebook.com/p/Nilgiri-Hill-Resort-Official-100090710895765,Bandarban-Thanchi Road Nilgiri Bandarban,,,hotel directory,76,8 cottages at 2400 ft; army-linked operation
Nilachal Nilambori Resort,Bandarban,Nilachal,6,resort,+8801551444000,,,,,Nilachal Tourism Complex Bandarban 4830,,,hotel directory,70,only 6 rooms; couple-only policy
Hotel Night Heaven,Bandarban,Meghla,,resort,+8801876000444,,,http://www.hotelnightheaven.com,,Talukdar Para Meghla Parjatan Area Bandarban 4600,,,hotel directory,80,own website; independent operator near Meghla
Green Peak Resort,Bandarban,Meghla,,resort,+8801845776633,,,http://www.greenpeakresort.com,,Meghla Chittagong-Bandarban Highway Bandarban,,,hotel directory,82,own site plus separate Dhaka booking office
Hillside Resort Milonchori,Bandarban,Milonchori,,resort,+8801730045050,,,,,Bandarban-Thanchi Road Milonchori Bandarban 4600,,,hotel directory,80,long-running eco resort; separate Dhaka booking line
Fanush Resort,Bandarban,Nilachal Road,,resort,+8801845779999,,,http://www.fanushresort.com,,Nilachal Road Bandarban,,,hotel directory,80,independent resort with own website
Venus Resort and Coffee House,Bandarban,Meghla,,resort,+8801552808000,,,http://www.venusresortbd.com,,Meghla Chittagong-Bandarban Highway Bandarban 4600,,,hotel directory,80,resort plus coffee house; wide rate band
Forest Hill Resort,Bandarban,Milonchori,,resort,+8801716406123,,,http://www.foresthillresortbd.com,,Bandarban-Thanchi Road Milonchori Bandarban,,,hotel directory,82,three published booking mobiles; own website
Bono Nibash Hill Resort,Bandarban,Milonchori,,resort,+8801725159415,,,http://www.bandarbanbononibas.com,,Chimbuk Road Milonchori Bandarban,,,hotel directory,80,independent hill resort with own site
Hill Palace Resort,Bandarban,Meghla,,resort,,,,,,Meghla Lake Square Talukdar Para Bandarban,,,hotel directory,74,PHONE CONFLICT - directory number matched Hotel Sea Alif Coxs Bazar; verify before dialling
Hotel Hillton Residence,Bandarban,Islampur Road,,business,+8801747626111,,,,,Officers Club Islampur Road Bandarban 4600,,,hotel directory,72,in-town residence hotel; two booking mobiles
Hotel Plaza Bandarban,Bandarban,Army Para,,business,+8801678060107,,,http://www.plazabandarban.com,,Ward 7 Army Para Bandarban,,,hotel directory,78,town centre hotel with own website
Hotel Hill View Bandarban,Bandarban,Bus Stand,,business,+8801828866000,,,http://hotelhillviewbandarban.com,,N108 near bus stand Bandarban 4600,,,hotel directory,76,own website; town centre
Hotel River View Bandarban,Bandarban,Sangu Riverside,,business,+8801733115585,,,http://www.hotelriverviewbandarban.com,,Sodok O Jonopod Road Sangu riverside Bandarban 4600,,,hotel directory,76,riverside town hotel with own site
Hotel Hill Queen,Bandarban,Sadar Road,,budget,+8801912782398,,,,,Sadar Road Bandarban,,,hotel directory,60,town centre budget hotel
Aronnak Holiday Resort,Rangamati,Circuit House area,,resort,+8801769312021,,,,,Near Circuit House Rangamati,,,hotel directory,80,premium lake-district resort; two booking mobiles
Lakeshore Resort Kaptai,Rangamati,Kaptai,,resort,+8801859778065,,,,,Kaptai Rangamati,,,hotel directory,76,lakeside resort at Kaptai
Polwel Park and Cottage,Rangamati,DC Bungalow Road,,resort,+8801877725541,,,,,DC Banglow Road Rangamati,,,hotel directory,74,cottage-style resort; police welfare linked
Wildwood Island Resort,Rangamati,Diglibag,,resort,+8801833334309,,,,,Diglibag Rangamati,,,hotel directory,76,island resort on Kaptai lake
The Borgaang Resort,Rangamati,Rangamati-Kaptai Road,,resort,+8801821827938,,,,,Rangamati-Kaptai Road Rangamati,,,hotel directory,74,roadside lake resort
Hill Taj Resort,Rangamati,C.O. Office Ghat,,resort,+8801581495565,,,,,C.O. Office Ghat Rangamati,,,hotel directory,74,three published booking mobiles
Divine Lake Island,Rangamati,Asambosti,,resort,+8801611585887,,,,,Kaptai Road Ashambosti Rangamati,,,hotel directory,72,island-style lake resort
Lake View Island,Rangamati,Kaptai Lake,,resort,+8801769322182,,,,,Kaptai Lake Rangamati,,,hotel directory,72,three published booking mobiles
Nilanjana Boat Club and Resort,Rangamati,Parjatan Complex,,resort,+8801833334311,,,,,Parjatan Complex Rangamati,,,hotel directory,70,boat club plus resort operation
Hotel Nadisa International,Rangamati,Reserve Bazar,,business,+8801866609991,,,,,New Bus Station Reserve Bazar Rangamati,,,hotel directory,66,mid-range town hotel
Hotel Square Park,Rangamati,Old Bus Stand,,business,+8801716933833,,,,,Doyel Cattar Old Bus Stand Rangamati,,,hotel directory,62,mid-range town hotel
Hotel Jum Palace,Rangamati,T and T Area,,business,+8801625100000,,,,,T and T Area Rangamati,,,hotel directory,64,mid-range town hotel
Hotel Crown Plaza Rangamati,Rangamati,Parjatan Road,,business,+8801824637393,,,,,Omda Miah Hill Parjatan Road Rangamati,,,hotel directory,64,unrelated to Crowne Plaza chain
Hotel Green Castle,Rangamati,Reserve Bazar,,business,+8801726511532,,,,,Reserve Bazar Rangamati,,,hotel directory,62,established town hotel
Hotel Needs Hill View,Rangamati,Banarupa,,business,+8801833360333,,,,,Alif Market Bonorupa Rangamati,,,hotel directory,60,hill view town hotel
Hotel Hill Address,Rangamati,Reserve Bazar,,business,+8801866609400,,,,,Reserve Bazaar Rangamati,,,hotel directory,60,mid-range town hotel
